{
  "$schema": "https://schemas.botframework.com/schemas/skills/v2.1/skill-manifest.json",
  "$id": "Skill",
  "name": "Echo Skill",
  "description": "Basic Echo skill",
  "publisherName": "Test Submish",
  "version": "1.1",
  "iconUrl": "https://hackathon-ai-45672-botframework.azurewebsites.net/Skill.png",
  "copyright": "Copyright (c) Microsoft Corporation. All rights reserved.",
  "license": "",
  "privacyUrl": "https://hackathon-ai-45672-botframework.azurewebsites.net/privacy.html",
  "tags": [
    "sample",
    "skill"
  ],
  "endpoints": [
    {
      "name": "production",
      "protocol": "BotFrameworkV3",
      "description": "Production endpoint for the Skill",
      "endpointUrl": "https://hackathon-ai-45672-botframework.azurewebsites.net/api/messages",
      "msAppId": "d4d6e81e-c863-4d4f-ab96-de9ecf398d7e"
    }
  ],
  "activities": {
    "sampleAction": {
      "description": "Sample action which accepts an input object and returns an object back.",
      "type": "event",
      "name": "SampleAction",
      "value": {
        "$ref": "#/definitions/inputObject"
      },
      "resultValue": {
        "$ref": "#/definitions/responseObject"
      }
    },
    "message": {
      "type": "message",
      "description": "Receives the users utterance and attempts to resolve it using the skill's LU models"
    }
  },
  "definitions": {
    "inputObject": {
      "type": "object",
      "properties": {
        "name": {
          "type": "string",
          "description": "The users name."
        }
      }
    },
    "responseObject": {
      "type": "object",
      "properties": {
        "customerId": {
          "type": "integer",
          "description": "A customer identifier."
        }
      }
    }
  }
}